{
  "css": ".top-bar {\n    font-size: 95%;\n    background-color: #d690a9; \n    color: #fff;\n}\n\n.top-bar__nav {\n   color: #fff;\n   \n}\n\n.header__nav {\n    text-align: initial;\n    font-size: var(--font-size-base); \n    line-height: var(--line-height-bas);\n    line-height: var(--line-height-lg);\n    margin-top: 30px;\n    margin-bottom: 10px;\n}\n\n\n.info-bar \n{\n    background: #d690a9;\n    color: #fff;\n}\n\n\n.prices__value {\n    font-size: x-large;\n    font-weight: 500;\n    color: #d690a9;\n}\n\n.btn-primary {\n    color: #fff;\n    background-color: #d690a9;\n    border-color: #d690a9;\n}\n\n.btn-primary.focus, .btn-primary:focus, .btn-primary:hover {\n    color: #fff;\n    background-color: #d690a9;\n    border-color: #d690a9;\n }\n\n@media screen and (max-width: 480px) {\n.product-card__buy.fade {\n  opacity: 1 !important;\n}}\n\n\n\n",
  "html_head": "<script id=\"mcjs\">!function(c,h,i,m,p){m=c.createElement(h),p=c.getElementsByTagName(h)[0],m.async=1,m.src=i,p.parentNode.insertBefore(m,p)}(document,\"script\",\"https://chimpstatic.com/mcjs-connected/js/users/158ee7aa65ab462caec0b38f2/fba5fa0728628914a8fe2566d.js\");</script>\n\n\n<script src=\"https://apis.google.com/js/platform.js?onload=renderOptIn\" async defer></script>\n\n<script>\n  window.renderOptIn = function() {\n    window.gapi.load('surveyoptin', function() {\n      window.gapi.surveyoptin.render(\n        {\n          // REQUIRED FIELDS\n          \"merchant_id\": 108269306,\n          \"order_id\": \"ORDER_ID\",\n          \"email\": \"CUSTOMER_EMAIL\",\n          \"delivery_country\": \"COUNTRY_CODE\",\n          \"estimated_delivery_date\": \"YYYY-MM-DD\",\n\n          // OPTIONAL FIELDS\n          \"products\": [{\"gtin\":\"GTIN1\"}, {\"gtin\":\"GTIN2\"}]\n        });\n    });\n  }\n</script>\n\n<meta name=\"p:domain_verify\" content=\"fc527218f67795415b220ebca637bcc1\"/>",
  "html_body": ""
}