{
  "description": {
    "title": "",
    "text": ""
  },
  "links_1": {
    "list_pages": true,
    "title": "O Estúdio Criativo",
    "list": []
  },
  "links_2": {
    "list_categories": false,
    "title": " ",
    "list": []
  },
  "contacts": {
    "title": "Contatos",
    "phone_wpp": true,
    "socials": true,
    "email": true,
    "address": true
  },
  "stamps": [
    {
      "src": "/img/uploads/ssl-safe.png",
      "alt": "Conexão Segura"
    }
  ],
  "payment_methods": {
    "bb": false,
    "visa": true,
    "boleto": true,
    "aura": false,
    "banrisul": false,
    "elo": true,
    "hipercard": false,
    "hsbc": false,
    "bradesco": false,
    "santander": false,
    "mastercard": true,
    "citibank": false,
    "mais": false,
    "amex": true,
    "itau": false
  },
  "credits": "Copyright © Katia Simões – Estúdio Criativo – CNPJ: 15.326.261/0001-73 © Todos direitos reservados"
}