{
  "marketing_stripe": {
    "text": "",
    "link": "",
    "color": "#ffffff",
    "background": "#d690a9"
  },
  "contacts_stripe": {
    "pages": [
      {
        "title": "Fale Conosco",
        "link": "https://katiasimoes.netlify.app/pages/contato"
      },
      {
        "title": "Termos de Uso",
        "link": "https://katiasimoes.com.br/pages/termos-de-uso-kit-digital"
      }
    ],
    "phone_wpp": true,
    "socials": true
  },
  "categories_list": {
    "featured": [],
    "random": 6,
    "full_width": true
  },
  "search_input": true
}