{
  "meta_title": "Desenhando Fofuras ® Katia Simões - Estúdio Criativo",
  "meta_description": "Desenhando fofuras, trabalhando com amor. Artes exclusivas, autorais e personalizáveis para mascote, caneca, almofada e logo ilustrada.",
  "sections": [
    {
      "type": "banner-slider",
      "autoplay": 9000,
      "slides": [
        {
          "start": "2020-09-20T20:06:29.408Z",
          "end": "",
          "img": "/img/uploads/banner-dia-dos-namorados.png",
          "link": "https://katiasimoes.com.br/search?term=namorados",
          "alt": "Dia dos Namorados",
          "mobile_img": "/img/uploads/banner-mobile-dia-dos-namorados.png"
        }
      ]
    },
    {
      "type": "info-bar",
      "enabled": true
    },
    {
      "type": "collection-shelf",
      "shuffle": true,
      "collection_id": "605143e5a735d032cbbd15b0:collections:♥  Canecas Fofinhas ♥:/canecas-fofinhas",
      "sort": "news"
    },
    {
      "type": "collection-shelf",
      "shuffle": true,
      "collection_id": "605144d0a735d032cbbd1653:collections:♥  Mascote Fofurinha ♥:/colecao-mascote-fofurinha",
      "sort": "highest_price"
    },
    {
      "type": "collection-shelf",
      "shuffle": true,
      "collection_id": "605145cda735d032cbbd16ea:collections:♥  Mascote Persona e Logo Ilustrada ♥:/colecao-mascote-persona-logo-ilustrada",
      "sort": "highest_price"
    }
  ]
}